ml,fold,mAP,mAP50,mAP75,MAE,RMSE,r,precision,recall,fscore
1_YOLOV8,fold_1,0.015841584158415842,0.0297029702970297,0.0033003300330033,1.4742268041237114,1.7556976467501813,-0.05245117593387977,1.0,0.007,0.014
2_YOLOV8,fold_2,0.06337367899685896,0.10891089108910891,0.06930693069306931,1.690721649484536,3.3736394737685105,-0.06678783513073518,1.0,0.035,0.068
3_YOLOV8,fold_3,0.03584158415841584,0.05742574257425742,0.04554455445544554,1.71875,2.98084160375332,-0.04448830271044353,1.0,0.012,0.024
4_YOLOV8,fold_4,0.03624826768391125,0.07920792079207921,0.018451845184518447,1.5106382978723405,1.8962448894726291,nan,0,0.0,0
5_YOLOV8,fold_5,0.02891089108910891,0.0594059405940594,0.007920792079207921,1.4725274725274726,1.7352201621088348,nan,0,0.0,0
